{"water":[{"fid":118,"name":" Calasiao Water","param":"[{\"note\":\"8 Digit Contract Account Number\",\"paramName\":\"AccountNo\"},{\"note\":\"Account Name\",\"paramName\":\"Identifier\"}]","options":{"value":118,"label":" Calasiao Water"}},{"fid":110,"name":"Angeles Water","param":"[{\"note\":\"8 Digit Account Number\",\"paramName\":\"AccountNo\"},{\"note\":\"Customer Name\",\"paramName\":\"Identifier\"}]","options":{"value":110,"label":"Angeles Water"}},{"fid":111,"name":"Bacolod Water","param":"[{\"note\":\"9 Digit Account Number\",\"paramName\":\"AccountNo\"},{\"note\":\"Customer Name\",\"paramName\":\"Identifier\"}]","options":{"value":111,"label":"Bacolod Water"}},{"fid":112,"name":"Balanga Water District","param":"[{\"note\":\"10-11 Digit Account Number\",\"paramName\":\"AccountNo\"},{\"note\":\"Customer Name\",\"paramName\":\"Identifier\"}]","options":{"value":112,"label":"Balanga Water District"}},{"fid":114,"name":"Boracay Water","param":"[{\"note\":\"8 Digit Contract Account Number\",\"paramName\":\"AccountNo\"},{\"note\":\"Account Name\",\"paramName\":\"Identifier\"}]","options":{"value":114,"label":"Boracay Water"}},{"fid":69,"name":"BP Waterworks","param":"[{\"note\":\"12 Digit Account Number\",\"paramName\":\"AccountNo\"},{\"note\":\"Account Name\",\"paramName\":\"Identifier\"}]","options":{"value":69,"label":"BP Waterworks"}},{"fid":115,"name":"Bulacan Water District","param":"[{\"note\":\"8 Digit Contract Account Number\",\"paramName\":\"AccountNo\"},{\"note\":\"Customer Name\",\"paramName\":\"Identifier\"}]","options":{"value":115,"label":"Bulacan Water District"}},{"fid":116,"name":"Bulakan Water","param":"[{\"note\":\"9 Digit Contract Account Number\",\"paramName\":\"AccountNo\"},{\"note\":\"Account Name\",\"paramName\":\"Identifier\"}]","options":{"value":116,"label":"Bulakan Water"}},{"fid":117,"name":"Cagayan De Oro City Water District","param":"[{\"note\":\"9 Digit WIN\",\"paramName\":\"AccountNo\"},{\"note\":\"Account Name\",\"paramName\":\"Identifier\"}]","options":{"value":117,"label":"Cagayan De Oro City Water District"}},{"fid":119,"name":"Calumpit Water District (CAWADI)","param":"[{\"note\":\"7 Digit Account Number\",\"paramName\":\"AccountNo\"},{\"note\":\"Account Name\",\"paramName\":\"Identifier\"}]","options":{"value":119,"label":"Calumpit Water District (CAWADI)"}},{"fid":98,"name":"Clark Water Corporation","param":"[{\"note\":\"Contract Account Number\",\"paramName\":\"AccountNo\"},{\"note\":\"Subscriber Name\",\"paramName\":\"Identifier\"}]","options":{"value":98,"label":"Clark Water Corporation"}},{"fid":120,"name":"Dagupan City Water District (DCWD)","param":"[{\"note\":\"13 Digit Account Number\",\"paramName\":\"Numeric\"},{\"note\":\"Account Name\",\"paramName\":\"Alphanumeric\"}]","options":{"value":120,"label":"Dagupan City Water District (DCWD)"}},{"fid":81,"name":"Daraga Water District","param":"[{\"note\":\"Account Number\",\"paramName\":\"AccountNo\"},{\"note\":\"Subscriber Name\",\"paramName\":\"Identifier\"}]","options":{"value":81,"label":"Daraga Water District"}},{"fid":121,"name":"Dinalupihan Water District (DWD)","param":"[{\"note\":\"Account Number\",\"paramName\":\"AccountNo\"},{\"note\":\"Customer Name\",\"paramName\":\"Identifier\"}]","options":{"value":121,"label":"Dinalupihan Water District (DWD)"}},{"fid":122,"name":"Filinvest Water","param":"[{\"note\":\"11-14 Digit Customer Account Number\",\"paramName\":\"AccountNo\"},{\"note\":\"Account Name\",\"paramName\":\"Identifier\"}]","options":{"value":122,"label":"Filinvest Water"}},{"fid":51,"name":"First Peak Resources & Technologies Inc.","param":"[{\"note\":\"12 Digit Account Number\",\"paramName\":\"AccountNo\"},{\"note\":\"ATM Reference Number\",\"paramName\":\"Identifier\"}]","options":{"value":51,"label":"First Peak Resources & Technologies Inc."}},{"fid":205,"name":"Global SME Loan","param":"[{\"note\":\"Account Number\",\"paramName\":\"AccountNo\"},{\"note\":\"Account Name\",\"paramName\":\"Identifier\"}]","options":{"value":205,"label":"Global SME Loan"}},{"fid":70,"name":"Good Hands Water Specialist Inc.","param":"[{\"note\":\"12 Digit Account Number\",\"paramName\":\"AccountNo\"},{\"note\":\"Account Name\",\"paramName\":\"Identifier\"}]","options":{"value":70,"label":"Good Hands Water Specialist Inc."}},{"fid":71,"name":"Happy Well Management & Collection Services Inc.","param":"[{\"note\":\"12 Digit Account Number\",\"paramName\":\"AccountNo\"},{\"note\":\"Account Name\",\"paramName\":\"Identifier\"}]","options":{"value":71,"label":"Happy Well Management & Collection Services Inc."}},{"fid":124,"name":"Ilagan Water District","param":"[{\"note\":\"Account Number\",\"paramName\":\"AccountNo\"},{\"note\":\"Customer Name\",\"paramName\":\"Identifier\"}]","options":{"value":124,"label":"Ilagan Water District"}},{"fid":65,"name":"Laguna Water Corporation","param":"[{\"note\":\"8 Digit Contract Account Number\",\"paramName\":\"AccountNo\"},{\"note\":\"Account Name\",\"paramName\":\"Identifier\"}]","options":{"value":65,"label":"Laguna Water Corporation"}},{"fid":125,"name":"Laguna Water District Aquatech R.C. (LARC)","param":"[{\"note\":\"10 Digit Account Number\",\"paramName\":\"AccountNo\"},{\"note\":\"Account Name\",\"paramName\":\"Identifier\"}]","options":{"value":125,"label":"Laguna Water District Aquatech R.C. (LARC)"}},{"fid":36,"name":"Legazpi City Water District","param":"[{\"note\":\"Account Number\",\"paramName\":\"AccountNo\"},{\"note\":\"Subscriber Name (ex. JDELACRUZ)\",\"paramName\":\"Identifier\"}]","options":{"value":36,"label":"Legazpi City Water District"}},{"fid":126,"name":"Libmanan Water District (LIWAD)","param":"[{\"note\":\"9 Digit Account Number\",\"paramName\":\"AccountNo\"},{\"note\":\"Account Name\",\"paramName\":\"Identifier\"}]","options":{"value":126,"label":"Libmanan Water District (LIWAD)"}},{"fid":91,"name":"Mabalacat City Water District","param":"[{\"note\":\"7 Digit Account Number\",\"paramName\":\"AccountNo\"},{\"note\":\"Account Name\",\"paramName\":\"Identifier\"}]","options":{"value":91,"label":"Mabalacat City Water District"}},{"fid":3,"name":"Manila Water Company","param":"[{\"note\":\"8 Digit -Contract Account Number\",\"paramName\":\"AccountNo\"},{\"note\":\"Account Name\",\"paramName\":\"Identifier\"}]","options":{"value":3,"label":"Manila Water Company"}},{"fid":99,"name":"Manilawater_Philventures","param":"[{\"note\":\"Contract Account No\",\"paramName\":\"AccountNo\"},{\"note\":\"Account Name\",\"paramName\":\"Identifier\"}]","options":{"value":99,"label":"Manilawater_Philventures"}},{"fid":4,"name":"Maynilad Water Services","param":"[{\"note\":\"8 Digit - Contract Account Number\",\"paramName\":\"AccountNo\"},{\"note\":\"Subscriber Name\",\"paramName\":\"Identifier\"}]","options":{"value":4,"label":"Maynilad Water Services"}},{"fid":39,"name":"Metropolitan Cebu Water District","param":"[{\"note\":\"6 Digit Consumer Code\",\"paramName\":\"AccountNo\"},{\"note\":\"Account Name\",\"paramName\":\"Identifier\"}]","options":{"value":39,"label":"Metropolitan Cebu Water District"}},{"fid":128,"name":"Obando Water District","param":"[{\"note\":\"8 Digit Contract Account Number\",\"paramName\":\"AccountNo\"},{\"note\":\"Customer Name\",\"paramName\":\"Identifier\"}]","options":{"value":128,"label":"Obando Water District"}},{"fid":129,"name":"Pili Water","param":"[{\"note\":\"9 Digit Account Number\",\"paramName\":\"AccountNo\"},{\"note\":\"6 Digit Code Number + Customer Name\",\"paramName\":\"Identifier\"}]","options":{"value":129,"label":"Pili Water"}},{"fid":130,"name":"Plaridel Water District","param":"[{\"note\":\"Account Number\",\"paramName\":\"AccountNo\"},{\"note\":\"Account Name\",\"paramName\":\"Identifier\"}]","options":{"value":130,"label":"Plaridel Water District"}},{"fid":8,"name":"Prime Water Infrastructure Corporation","param":"[{\"note\":\"Account Number\",\"paramName\":\"AccountNo\"},{\"note\":\"ATM Reference Number\",\"paramName\":\"Identifier\"}]","options":{"value":8,"label":"Prime Water Infrastructure Corporation"}},{"fid":33,"name":"Sorsogon Water District","param":"[{\"note\":\"Account Number\",\"paramName\":\"AccountNo\"},{\"note\":\"Customer Name (ex. JDELACRUZ)\",\"paramName\":\"Identifier\"}]","options":{"value":33,"label":"Sorsogon Water District"}},{"fid":17,"name":"Sta. Lucia Waterworks","param":"[{\"note\":\"Account Number (FULL PAYMENT ONLY)\",\"paramName\":\"AccountNo\"},{\"note\":\"Billing No.\",\"paramName\":\"Identifier\"}]","options":{"value":17,"label":"Sta. Lucia Waterworks"}},{"fid":41,"name":"Sta. Maria Water District","param":"[{\"note\":\"ID Number\",\"paramName\":\"AccountNo\"},{\"note\":\"Name of Subscriber (accept only 2 days before grace period)\",\"paramName\":\"Identifier\"}]","options":{"value":41,"label":"Sta. Maria Water District"}},{"fid":133,"name":"Subic Water and Sewerage Co. Inc.","param":"[{\"note\":\"8 Digit Account Number\",\"paramName\":\"AccountNo\"},{\"note\":\"Customer Name\",\"paramName\":\"Identifier\"}]","options":{"value":133,"label":"Subic Water and Sewerage Co. Inc."}},{"fid":38,"name":"Tabaco City Water District","param":"[{\"note\":\"9 Digit Account Number\",\"paramName\":\"AccountNo\"},{\"note\":\"Account Name\",\"paramName\":\"Identifier\"}]","options":{"value":38,"label":"Tabaco City Water District"}},{"fid":90,"name":"Tagum_Water","param":"[{\"note\":\"Account Number\",\"paramName\":\"AccountNo\"},{\"note\":\"Subscriber Name\",\"paramName\":\"Identifier\"}]","options":{"value":90,"label":"Tagum_Water"}}],

"electric":[{"fid":68,"name":"Angeles Electric Company","param":"[{\"note\":\"ATM Reference No.\",\"paramName\":\"AccountNo\"},{\"note\":\"Due Date (mmddyyyy)\",\"paramName\":\"Identifier\"}]","options":{"value":68,"label":"Angeles Electric Company"}},{"fid":135,"name":"Batangas I Electric Coop., Inc. (BATELEC I)","param":"[{\"note\":\"10 Digit Account Number\",\"paramName\":\"AccountNo\"},{\"note\":\"Account Name\",\"paramName\":\"Identifier\"}]","options":{"value":135,"label":"Batangas I Electric Coop., Inc. (BATELEC I)"}},{"fid":64,"name":"Batangas II Electric Cooperative Inc.","param":"[{\"note\":\"Account No. (7-Digit)\",\"paramName\":\"AccountNo\"},{\"note\":\"Billmonth + Subscriber Name\",\"paramName\":\"Identifier\"}]","options":{"value":64,"label":"Batangas II Electric Cooperative Inc."}},{"fid":34,"name":"Benguet Electric Cooperative Inc.","param":"[{\"note\":\"11 Digit Account Number\",\"paramName\":\"AccountNo\"},{\"note\":\"Account Name\",\"paramName\":\"Identifier\"}]","options":{"value":34,"label":"Benguet Electric Cooperative Inc."}},{"fid":136,"name":"Cagayan 1 Electric Cooperative, Inc.  (CAGELCO1)","param":"[{\"note\":\"10 Digit Account Number\",\"paramName\":\"AccountNo\"},{\"note\":\"Contact Number\",\"paramName\":\"Identifier\"}]","options":{"value":136,"label":"Cagayan 1 Electric Cooperative, Inc.  (CAGELCO1)"}},{"fid":96,"name":"Cagayan Electric Power And Light Company, Inc.","param":"[{\"note\":\"Account Number\",\"paramName\":\"AccountNo\"},{\"note\":\"Subscriber Name\",\"paramName\":\"Identifier\"}]","options":{"value":96,"label":"Cagayan Electric Power And Light Company, Inc."}},{"fid":137,"name":"Camarines Sur II Electric Coop., Inc. (CASURECO2)","param":"[{\"note\":\"6 Digit Account Number\",\"paramName\":\"AccountNo\"},{\"note\":\"Account Name\",\"paramName\":\"Identifier\"}]","options":{"value":137,"label":"Camarines Sur II Electric Coop., Inc. (CASURECO2)"}},{"fid":138,"name":"Cebu II Electric Cooperative, Inc. (CEBECO 2)","param":"[{\"note\":\"10 Digit Account Number\",\"paramName\":\"AccountNo\"},{\"note\":\"Account Name\",\"paramName\":\"Identifier\"}]","options":{"value":138,"label":"Cebu II Electric Cooperative, Inc. (CEBECO 2)"}},{"fid":139,"name":"Cebu III Electric Cooperative, Inc.(CEBECO 3)","param":"[{\"note\":\"8 Digit Account Number\",\"paramName\":\"AccountNo\"},{\"note\":\"Account Name\",\"paramName\":\"Identifier\"}]","options":{"value":139,"label":"Cebu III Electric Cooperative, Inc.(CEBECO 3)"}},{"fid":140,"name":"Central Pangasinan Electric Cooperative, Inc. (CENPELCO)","param":"[{\"note\":\"20 Digit Account Number\",\"paramName\":\"AccountNo\"},{\"note\":\"Bill Month + Bill Year (mmyyyy)\",\"paramName\":\"Identifier\"}]","options":{"value":140,"label":"Central Pangasinan Electric Cooperative, Inc. (CENPELCO)"}},{"fid":43,"name":"Cotabato Light","param":"[{\"note\":\"Account ID\",\"paramName\":\"AccountNo\"},{\"note\":\"Subscriber Name\",\"paramName\":\"Identifier\"}]","options":{"value":43,"label":"Cotabato Light"}},{"fid":141,"name":"Dagupan Electric Cooperative(DECORP)","param":"[{\"note\":\"Account Number\",\"paramName\":\"AccountNo\"},{\"note\":\"Bill Number\",\"paramName\":\"Identifier\"}]","options":{"value":141,"label":"Dagupan Electric Cooperative(DECORP)"}},{"fid":142,"name":"Davao Del Sur Elec. Coop. (DASURECO)","param":"[{\"note\":\"9 Digit Account Number\",\"paramName\":\"AccountNo\"},{\"note\":\"Account Name\",\"paramName\":\"Identifier\"}]","options":{"value":142,"label":"Davao Del Sur Elec. Coop. (DASURECO)"}},{"fid":16,"name":"Davao Light & Power Company Inc.","param":"[{\"note\":\"Account ID (11 digits)\",\"paramName\":\"AccountNo\"},{\"note\":\"Subscriber Name (ex. JDELACRUZ)\",\"paramName\":\"Identifier\"}]","options":{"value":16,"label":"Davao Light & Power Company Inc."}},{"fid":88,"name":"First Laguna Electric Cooperative Inc.","param":"[{\"note\":\"10 Digit Account Number\",\"paramName\":\"AccountNo\"},{\"note\":\"Account Name\",\"paramName\":\"Identifier\"}]","options":{"value":88,"label":"First Laguna Electric Cooperative Inc."}},{"fid":143,"name":"Iligan Light","param":"[{\"note\":\"5-7 Digit Account ID\",\"paramName\":\"AccountNo\"},{\"note\":\"Account Name\",\"paramName\":\"Identifier\"}]","options":{"value":143,"label":"Iligan Light"}},{"fid":144,"name":"Ilocos Norte Elec. Coop., Inc. (INEC)","param":"[{\"note\":\"10 Digit Account Number\",\"paramName\":\"AccountNo\"},{\"note\":\"Account Name\",\"paramName\":\"Identifier\"}]","options":{"value":144,"label":"Ilocos Norte Elec. Coop., Inc. (INEC)"}},{"fid":145,"name":"Ilocos Sur Electric Cooperative, Inc. (ISECO)","param":"[{\"note\":\"10 Digit Account Number\",\"paramName\":\"ISECO\"},{\"note\":\"Account Name\",\"paramName\":\"Identifier\"}]","options":{"value":145,"label":"Ilocos Sur Electric Cooperative, Inc. (ISECO)"}},{"fid":35,"name":"Iloilo 1 Electric Cooperative Inc.","param":"[{\"note\":\"Consumer ID\",\"paramName\":\"AccountNo\"},{\"note\":\"Bill Number (accept exact amount on or before due date only)\",\"paramName\":\"Identifier\"}]","options":{"value":35,"label":"Iloilo 1 Electric Cooperative Inc."}},{"fid":101,"name":"Isabela 1 Electric Cooperative Inc.","param":"[{\"note\":\"Account Number\",\"paramName\":\"AccountNo\"},{\"note\":\"Account Name\",\"paramName\":\"Identifier\"}]","options":{"value":101,"label":"Isabela 1 Electric Cooperative Inc."}},{"fid":146,"name":"La Union Electric Coop. Inc. (LUELCO)","param":"[{\"note\":\"10 Digit Account Number\",\"paramName\":\"AccountNo\"},{\"note\":\"Account Name\",\"paramName\":\"Identifier\"}]","options":{"value":146,"label":"La Union Electric Coop. Inc. (LUELCO)"}},{"fid":147,"name":"Lima Enerzone","param":"[{\"note\":\"11 Digit Account ID\",\"paramName\":\"AccountNo\"},{\"note\":\"Account Name\",\"paramName\":\"Identifier\"}]","options":{"value":147,"label":"Lima Enerzone"}},{"fid":177,"name":"Meralco KLoad 110","param":"[{\"note\":\"Mobile Number\",\"paramName\":\"Mobile#\"},{\"note\":\"Service ID Number\",\"paramName\":\"AccountNo\"}]","options":{"value":177,"label":"Meralco KLoad 110"}},{"fid":184,"name":"Meralco KLoad 1100","param":"[{\"note\":\"Service ID Number\",\"paramName\":\"AccountNo\"},{\"note\":\"Mobile Number\",\"paramName\":\"Mobile#\"}]","options":{"value":184,"label":"Meralco KLoad 1100"}},{"fid":178,"name":"Meralco KLoad 220","param":"[{\"note\":\"Service ID Number\",\"paramName\":\"AccountNo\"},{\"note\":\"Mobile Number\",\"paramName\":\"Mobile#\"}]","options":{"value":178,"label":"Meralco KLoad 220"}},{"fid":182,"name":"Meralco KLoad 330","param":"[{\"note\":\"Service ID Number\",\"paramName\":\"AccountNo\"},{\"note\":\"Mobile Number\",\"paramName\":\"Mobile#\"}]","options":{"value":182,"label":"Meralco KLoad 330"}},{"fid":183,"name":"Meralco KLoad 550","param":"[{\"note\":\"Service ID Number\",\"paramName\":\"AccountNo\"},{\"note\":\"Mobile Number\",\"paramName\":\"Mobile#\"}]","options":{"value":183,"label":"Meralco KLoad 550"}},{"fid":148,"name":"Misamis Oriental 1 Elec.Cooperative    Inc.(MORESCO1)","param":"[{\"note\":\"11 Digit Account Number\",\"paramName\":\"AccountNo\"},{\"note\":\"Account Name\",\"paramName\":\"Identifier\"}]","options":{"value":148,"label":"Misamis Oriental 1 Elec.Cooperative    Inc.(MORESCO1)"}},{"fid":102,"name":"Negros Occidental Electric Cooperative","param":"[{\"note\":\"ATM Account No\",\"paramName\":\"AccountNo\"},{\"note\":\"Account Name\",\"paramName\":\"Identifier\"}]","options":{"value":102,"label":"Negros Occidental Electric Cooperative"}},{"fid":151,"name":"Nueva Ecija 1 Electric Cooperative, Inc. ( NEECO1)","param":"[{\"note\":\"10 Digit Account Number\",\"paramName\":\"AccountNo\"},{\"note\":\"Account Name\",\"paramName\":\"Identifier\"}]","options":{"value":151,"label":"Nueva Ecija 1 Electric Cooperative, Inc. ( NEECO1)"}},{"fid":149,"name":"Nueva Ecija II Elec. Coop. Area 1 ( NEECO2A1)","param":"[{\"note\":\"10 Digit Account Number\",\"paramName\":\"AccountNo\"},{\"note\":\"Subscriber Name\",\"paramName\":\"Identifier\"}]","options":{"value":149,"label":"Nueva Ecija II Elec. Coop. Area 1 ( NEECO2A1)"}},{"fid":150,"name":"Nueva Ecija II Elec. Coop. Area 2 ( NEECO2A2)","param":"[{\"note\":\"10 Digit Account Number\",\"paramName\":\"AccountNo\"},{\"note\":\"Account Name\",\"paramName\":\"Identifier\"}]","options":{"value":150,"label":"Nueva Ecija II Elec. Coop. Area 2 ( NEECO2A2)"}},{"fid":152,"name":"Olongapo Ele. Distribution Company (OEDC)","param":"[{\"note\":\"6-9 Digit Contract Number\",\"paramName\":\"AccountNo\"},{\"note\":\"Account Name\",\"paramName\":\"Identifier\"}]","options":{"value":152,"label":"Olongapo Ele. Distribution Company (OEDC)"}},{"fid":40,"name":"Pampanga I Electric Cooperative Inc.","param":"[{\"note\":\"Account No\",\"paramName\":\"AccountNo\"},{\"note\":\"Name of Subscriber (exact amount only)\",\"paramName\":\"Identifier\"}]","options":{"value":40,"label":"Pampanga I Electric Cooperative Inc."}},{"fid":82,"name":"Pampanga II Electric Cooperative Inc.","param":"[{\"note\":\"Account Number\",\"paramName\":\"AccountNo\"},{\"note\":\"Subscriber Name\",\"paramName\":\"Identifier\"}]","options":{"value":82,"label":"Pampanga II Electric Cooperative Inc."}},{"fid":89,"name":"Pampanga III Electric Cooperative Inc.","param":"[{\"note\":\"Account Number\",\"paramName\":\"AccountNo\"},{\"note\":\"Subscriber Name\",\"paramName\":\"Identifier\"}]","options":{"value":89,"label":"Pampanga III Electric Cooperative Inc."}},{"fid":46,"name":"Pampanga Rural Electric Cooperative Inc.","param":"[{\"note\":\"Account No.\",\"paramName\":\"AccountNo\"},{\"note\":\"Subscriber Name\",\"paramName\":\"Identifier\"}]","options":{"value":46,"label":"Pampanga Rural Electric Cooperative Inc."}},{"fid":158,"name":"Panay Electric Company (PECO)","param":"[{\"note\":\"Service Number\",\"paramName\":\"AccountNo\"},{\"note\":\"Customer Name\",\"paramName\":\"Identifier\"}]","options":{"value":158,"label":"Panay Electric Company (PECO)"}},{"fid":159,"name":"Pangasinan III Electric Cooperative (PANELCO3)","param":"[{\"note\":\"12 Digit Account Number\",\"paramName\":\"AccountNo\"},{\"note\":\"Account Name\",\"paramName\":\"Identifier\"}]","options":{"value":159,"label":"Pangasinan III Electric Cooperative (PANELCO3)"}},{"fid":157,"name":"Pangasinan1 Electric Cooperative (PANELCO1)","param":"[{\"note\":\"10 Digit Account Number\",\"paramName\":\"AccountNo\"},{\"note\":\"Account Name\",\"paramName\":\"Identifier\"}]","options":{"value":157,"label":"Pangasinan1 Electric Cooperative (PANELCO1)"}},{"fid":86,"name":"Peninsula Electric Cooperative Inc.","param":"[{\"note\":\"Account Number\",\"paramName\":\"AccountNo\"},{\"note\":\"Subscriber Name\",\"paramName\":\"Identifier\"}]","options":{"value":86,"label":"Peninsula Electric Cooperative Inc."}},{"fid":161,"name":"Quezon I Elec. Coop., Inc. (QUEZELCO 1)","param":"[{\"note\":\"10 Digit Account Number\",\"paramName\":\"AccountNo\"},{\"note\":\"Account Name\",\"paramName\":\"Identifier\"}]","options":{"value":161,"label":"Quezon I Elec. Coop., Inc. (QUEZELCO 1)"}},{"fid":162,"name":"Quezon II Elec. Coop., Inc. (QUEZELCO 2)","param":"[{\"note\":\"10 Digit Account Number\",\"paramName\":\"AccountNo\"},{\"note\":\"Account Name\",\"paramName\":\"Identifier\"}]","options":{"value":162,"label":"Quezon II Elec. Coop., Inc. (QUEZELCO 2)"}},{"fid":163,"name":"San Fernando Electric Light & Power Co. Inc.","param":"[{\"note\":\"15 Digit ATM Ref Number\",\"paramName\":\"AccountNo\"},{\"note\":\"Customer Name\",\"paramName\":\"Identifier\"}]","options":{"value":163,"label":"San Fernando Electric Light & Power Co. Inc."}},{"fid":164,"name":"San Jose City Elec Coop (SAJELCO)","param":"[{\"note\":\"10 Digit Account Number\",\"paramName\":\"AccountNo\"},{\"note\":\"Account Name\",\"paramName\":\"Identifier\"}]","options":{"value":164,"label":"San Jose City Elec Coop (SAJELCO)"}},{"fid":166,"name":"Sorsogon II Elec. Cooperative, Inc.","param":"[{\"note\":\"4-7 Digit Code Number\",\"paramName\":\"AccountNo\"},{\"note\":\"Account Name\",\"paramName\":\"Identifier\"}]","options":{"value":166,"label":"Sorsogon II Elec. Cooperative, Inc."}},{"fid":19,"name":"Subic Enerzone Corporation","param":"[{\"note\":\"Account ID (11 digits)\",\"paramName\":\"AccountNo\"},{\"note\":\"Subscriber Name\",\"paramName\":\"Identifier\"}]","options":{"value":19,"label":"Subic Enerzone Corporation"}},{"fid":167,"name":"Surigao Del Sur I Elec. Coop. Inc.","param":"[{\"note\":\"8 Digit Account Number\",\"paramName\":\"AccountNo\"},{\"note\":\"Account Name\",\"paramName\":\"Identifier\"}]","options":{"value":167,"label":"Surigao Del Sur I Elec. Coop. Inc."}},{"fid":72,"name":"Tarlac II Electric Cooperative Inc.","param":"[{\"note\":\"Account Number\",\"paramName\":\"AccountNo\"},{\"note\":\"Subscriber Name\",\"paramName\":\"Identifier\"}]","options":{"value":72,"label":"Tarlac II Electric Cooperative Inc."}},{"fid":15,"name":"Visayan Electric Company","param":"[{\"note\":\"Account ID (11 digits)\",\"paramName\":\"AccountNo\"},{\"note\":\"Subscriber Name (ex. JDELACRUZ)\",\"paramName\":\"Identifier\"}]","options":{"value":15,"label":"Visayan Electric Company"}},{"fid":169,"name":"Zambales Elec. Coop.,  Inc. (ZAMECO 1)","param":"[{\"note\":\"10 Digit Account Number\",\"paramName\":\"AccountNo\"},{\"note\":\"Account Name\",\"paramName\":\"Identifier\"}]","options":{"value":169,"label":"Zambales Elec. Coop.,  Inc. (ZAMECO 1)"}},{"fid":170,"name":"Zambales Elec. Coop.,  Inc. (ZAMECO 2)","param":"[{\"note\":\"10 Digit Account Number\",\"paramName\":\"AccountNo\"},{\"note\":\"Account Name\",\"paramName\":\"Identifier\"}]","options":{"value":170,"label":"Zambales Elec. Coop.,  Inc. (ZAMECO 2)"}}],

"net":[{"fid":75,"name":"Comclark Network And Technology Corp","param":"[{\"note\":\"Account No.\",\"paramName\":\"AccountNo\"},{\"note\":\"Subscriber Name\",\"paramName\":\"Identifier\"}]","options":{"value":75,"label":"Comclark Network And Technology Corp"}},{"fid":76,"name":"Converge ICT Solutions Inc.","param":"[{\"note\":\"Account No.\",\"paramName\":\"AccountNo\"},{\"note\":\"Subscriber Name\",\"paramName\":\"Identifier\"}]","options":{"value":76,"label":"Converge ICT Solutions Inc."}},{"fid":60,"name":"ABS-CBN Mobile","param":"[{\"note\":\"Account No. 9 Digits\",\"paramName\":\"AccountNo\"},{\"note\":\"Phone Number\",\"paramName\":\"Identifier\"}]","options":{"value":60,"label":"ABS-CBN Mobile"}},{"fid":11,"name":"Bayan Telecommunications","param":"[{\"note\":\"Account Number\",\"paramName\":\"AccountNo\"},{\"note\":\"2 Digit AreaCode + Telephone Number\",\"paramName\":\"Identifier\"}]","options":{"value":11,"label":"Bayan Telecommunications"}},{"fid":6,"name":"Globe Postpaid","param":"[{\"note\":\"Account Number\",\"paramName\":\"AccountNo\"},{\"note\":\"Subscriber Name (ex. JDELACRUZ)\",\"paramName\":\"Identifier\"}]","options":{"value":6,"label":"Globe Postpaid"}},{"fid":5,"name":"Globe Broadband and Landline","param":"[{\"note\":\"Account Number\",\"paramName\":\"AccountNo\"},{\"note\":\"Subscriber Name (ex. JDELACRUZ)\",\"paramName\":\"Identifier\"}]","options":{"value":5,"label":"Globe Broadband and Landline"}},{"fid":1,"name":"PLDT","param":"[{\"note\":\"Enter 10-Digit Account Number Here\",\"paramName\":\"AccountNo\"},{\"note\":\"2 Digit Area Code + Telephone Number\",\"paramName\":\"Identifier\"}]","options":{"value":1,"label":"PLDT"}},{"fid":2,"name":"Smart Communications","param":"[{\"note\":\"Account Number *(10-DIGIT)\",\"paramName\":\"AccountNo\"},{\"note\":\"11 Digit Mobile No \\\/ Service Reference No\",\"paramName\":\"Identifier\"}]","options":{"value":2,"label":"Smart Communications"}},{"fid":95,"name":"Southern Iloilo Telephone Company","param":"[{\"note\":\"Account Number *(10-DIGIT)\",\"paramName\":\"AccountNo\"},{\"note\":\"2 Digit AreaCode + Telephone Number\",\"paramName\":\"Identifier\"}]","options":{"value":95,"label":"Southern Iloilo Telephone Company"}},{"fid":10,"name":"Sun Cellular","param":"[{\"note\":\"Account Number\",\"paramName\":\"AccountNo\"},{\"note\":\"11 Digit Mobile Number\",\"paramName\":\"Identifier\"}]","options":{"value":10,"label":"Sun Cellular"}}]
}