{"globe":{
	"huaf":[
		{"id":0,"price": 10 ,"desc":"loremloremloremloremloremlorem1231231234" ,"type":0,"sub_title":""},
		{"id":1,"price": 20 ,"desc":"lorem" ,"type":0,"sub_title":"2"},
		{"id":2,"price": 30 ,"desc":"lorem" ,"type":0,"sub_title":"4"},
		{"id":3,"price": 50 ,"desc":"lorem" ,"type":0,"sub_title":"6"},
		{"id":4,"price": 100 ,"desc":"lorem" ,"type":0,"sub_title":"7"},
		{"id":5,"price": 300 ,"desc":"lorem" ,"type":0,"sub_title":"8"},
		{"id":6,"price": 500 ,"desc":"lorem" ,"type":0,"sub_title":"0"},
		{"id":7,"price": 1000 ,"desc":"lorem" ,"type":0,"sub_title":"6"}
	],
"liul":[
		{"id":8,"price": 103 ,"desc":"lorem" ,"type":0,"sub_title":"1"},
		{"id":9,"price": 204 ,"desc":"lorem" ,"type":0,"sub_title":"3"},
		{"id":10,"price": 630 ,"desc":"lorem" ,"type":0,"sub_title":"5"},
		{"id":11,"price": 750 ,"desc":"lorem" ,"type":0,"sub_title":"8"},
		{"id":12,"price": 8100 ,"desc":"lorem" ,"type":0,"sub_title":"0"},
		{"id":13,"price": 1300 ,"desc":"lorem" ,"type":0,"sub_title":"1"}
	]


},
"smart":{
	"huaf":[
		{"id":0,"price": 10 ,"desc":"lorem" ,"type":0,"sub_title":"1"},
		{"id":1,"price": 20 ,"desc":"lorem" ,"type":0,"sub_title":"2"},
		{"id":2,"price": 30 ,"desc":"lorem" ,"type":0,"sub_title":"3"},
		{"id":3,"price": 50 ,"desc":"lorem" ,"type":0,"sub_title":"4"},
		{"id":4,"price": 100 ,"desc":"lorem" ,"type":0,"sub_title":"5"},
		{"id":5,"price": 300 ,"desc":"lorem" ,"type":0,"sub_title":"7"},
		{"id":6,"price": 500 ,"desc":"lorem" ,"type":0,"sub_title":"8"},
		{"id":7,"price": 1000 ,"desc":"lorem" ,"type":0,"sub_title":"9"}
	],
"liul":[
		{"id":0,"price": 200 ,"desc":"lorem" ,"type":0,"sub_title":"10"},
		{"id":1,"price": 300 ,"desc":"lorem" ,"type":0,"sub_title":"11"},
		{"id":2,"price": 304 ,"desc":"lorem" ,"type":0,"sub_title":"12"},
		{"id":3,"price": 505 ,"desc":"lorem" ,"type":0,"sub_title":"13"},
		{"id":4,"price": 1006 ,"desc":"lorem" ,"type":0,"sub_title":"14"},
		{"id":5,"price": 3007 ,"desc":"lorem" ,"type":0,"sub_title":"15"},
		{"id":6,"price": 501 ,"desc":"lorem" ,"type":0,"sub_title":"16"},
		{"id":7,"price": 100 ,"desc":"lorem" ,"type":0,"sub_title":"17"}
	]
},
"sun":{
	"huaf":[
		{"id":0,"price": 10 ,"desc":"lorem" ,"type":0,"sub_title":""},
		{"id":1,"price": 20 ,"desc":"lorem" ,"type":0,"sub_title":""},
		{"id":2,"price": 30 ,"desc":"lorem" ,"type":0,"sub_title":""},
		{"id":3,"price": 50 ,"desc":"lorem" ,"type":0,"sub_title":""},
		{"id":4,"price": 100 ,"desc":"lorem" ,"type":0,"sub_title":""},
		{"id":5,"price": 300 ,"desc":"lorem" ,"type":0,"sub_title":""},
		{"id":6,"price": 500 ,"desc":"lorem" ,"type":0,"sub_title":""},
		{"id":7,"price": 1000 ,"desc":"lorem" ,"type":0,"sub_title":""}
	],
"liul":[
		{"id":0,"price": 10 ,"desc":"lorem" ,"type":0,"sub_title":""},
		{"id":1,"price": 20 ,"desc":"lorem" ,"type":0,"sub_title":""},
		{"id":2,"price": 30 ,"desc":"lorem" ,"type":0,"sub_title":""},
		{"id":3,"price": 50 ,"desc":"lorem" ,"type":0,"sub_title":""},
		{"id":4,"price": 100 ,"desc":"lorem" ,"type":0,"sub_title":""},
		{"id":5,"price": 300 ,"desc":"lorem" ,"type":0,"sub_title":""},
		{"id":6,"price": 500 ,"desc":"lorem" ,"type":0,"sub_title":""},
		{"id":7,"price": 1000 ,"desc":"lorem" ,"type":0,"sub_title":""}
	]
}

}