{"globe":
{"liul":[{"id":7,"price":5000,"type":1,"sub_title":"3天1GB","desc":"1 GB流量 \/ 3 天，50菲币"},{"id":8,"price":29900,"type":1,"sub_title":"30天1.5GB","desc":"1.5 GB流量 \/ 30 天，299菲币"},{"id":9,"price":7000,"type":1,"sub_title":"7天1GB","desc":"全网无限短信 + 1 GB流量 \/ 7 天，70菲币"},{"id":10,"price":9000,"type":1,"sub_title":"7天2GB","desc":"全网无限短信 + 2 GB流量 \/ 7 天，90菲币"},{"id":11,"price":12000,"type":1,"sub_title":"7天通话流量","desc":" 全网无限短信 + Globe\/TM 无限通话 + 2 GB流量 \/ 7 天，120菲币"},{"id":12,"price":14000,"type":1,"sub_title":"7天4GB","desc":"全网无限短信 + Globe\/TM 无限通话 + 4 GB流量 \/ 7 天，140菲币"}],

"huaf":[{"id":39,"price":1000,"type":0,"sub_title":"","desc":""},{"id":47,"price":3000,"type":0,"sub_title":"","desc":""},{"id":1,"price":5000,"type":0,"sub_title":"","desc":""},{"id":15,"price":10000,"type":0,"sub_title":"","desc":""},{"id":49,"price":20000,"type":0,"sub_title":"","desc":""},{"id":51,"price":30000,"type":0,"sub_title":"","desc":""},{"id":5,"price":55000,"type":0,"sub_title":"","desc":""},{"id":34,"price":100000,"type":0,"sub_title":"","desc":""},{"id":35,"price":150000,"type":0,"sub_title":"","desc":""}]},
"tm":
{"liul":[{"id":32,"price":1500,"type":1,"sub_title":"2天40MB","desc":"40 MB流量 \/ 2天，15菲币"},{"id":23,"price":1500,"type":1,"sub_title":"2天通话套餐","desc":"GLOBE\/TM卡 120分钟通话 \/ 2天，15菲币"},{"id":24,"price":2000,"type":1,"sub_title":"2天通话短信","desc":"全网无限短信 + GLOBE\/TM 120分钟通话 \/ 2天，20菲币"},{"id":20,"price":5000,"type":1,"sub_title":"3天1GB","desc":""},{"id":21,"price":29900,"type":1,"sub_title":"30天1.5GB","desc":"1.5GB流量\/30天，299菲币"},{"id":33,"price":99900,"type":1,"sub_title":"30天8GB","desc":"8GB \/ 30天，999菲币"}],

"huaf":[{"id":40,"price":1000,"type":0,"sub_title":"","desc":""},{"id":48,"price":3000,"type":0,"sub_title":"","desc":""},{"id":14,"price":5000,"type":0,"sub_title":"","desc":""},{"id":2,"price":10000,"type":0,"sub_title":"","desc":""},{"id":50,"price":20000,"type":0,"sub_title":"","desc":""},{"id":52,"price":30000,"type":0,"sub_title":"","desc":""},{"id":18,"price":55000,"type":0,"sub_title":"","desc":""},{"id":37,"price":100000,"type":0,"sub_title":"","desc":""},{"id":38,"price":150000,"type":0,"sub_title":"","desc":""}]},
"sun":
{"liul":[{"id":189,"price":5000,"type":1,"sub_title":"3天1G流量","desc":"1GB流量\/3天"},{"id":270,"price":5000,"type":1,"sub_title":"流量1G","desc":"流量1G，3天有效"},{"id":197,"price":9900,"type":1,"sub_title":"7天2G流量","desc":"2GB流量+全网无限短信\/7天"},{"id":271,"price":9900,"type":1,"sub_title":"流量2G","desc":"2G流量，7天有效"},{"id":193,"price":5000,"type":1,"sub_title":"3天无限通话","desc":"无限Smart\/Sun\/TNT通话+全网无限短信\/3天"},{"id":272,"price":30000,"type":1,"sub_title":"50分钟通话","desc":"50分钟通话，30天有效"},{"id":200,"price":15000,"type":1,"sub_title":"7天无限通话","desc":"Sun，Smart、TNT无限通话+全网无限短信+500MB流量\/7天"},{"id":194,"price":5000,"type":1,"sub_title":"1天无限上网","desc":"无限上网\/1天"},{"id":198,"price":10000,"type":1,"sub_title":"3天无限上网","desc":"无限上网\/3天"},{"id":191,"price":5000,"type":1,"sub_title":"60分钟通话","desc":"Sun无限短信+60分钟Sun通话\/10天"},{"id":199,"price":15000,"type":1,"sub_title":"包月通话","desc":"Sun无限短信+5小时Sun通话\/30天"},{"id":204,"price":99900,"type":1,"sub_title":"包月流量","desc":"30天无限上网流量"}],

"huaf":[{"id":160,"price":1000,"type":0,"sub_title":"","desc":""},{"id":265,"price":10000,"type":0,"sub_title":"话费100","desc":""},{"id":266,"price":30000,"type":0,"sub_title":"话费300","desc":""},{"id":267,"price":50000,"type":0,"sub_title":"话费500","desc":""},{"id":163,"price":3000,"type":0,"sub_title":"","desc":""},{"id":164,"price":5000,"type":0,"sub_title":"","desc":""},{"id":165,"price":10000,"type":0,"sub_title":"","desc":""},{"id":167,"price":30000,"type":0,"sub_title":"","desc":""},{"id":168,"price":50000,"type":0,"sub_title":"","desc":""}]},
"smart":
{"liul":[{"id":208,"price":1500,"type":1,"sub_title":"(限TNT卡)100MB流量\/2天","desc":"TNT卡-100MB流量+100MB youtube、FB\/两天"},{"id":207,"price":1500,"type":1,"sub_title":"TNT卡-无限短信\/天","desc":" For TNT subscribers only: Gaan UnliTxt 15 Plus"},{"id":205,"price":1000,"type":1,"sub_title":"TNT卡-50MB流量\/天","desc":"TNT卡TNT卡-50MB流量+YOUTUBE、FB观看100MB\/天"},{"id":209,"price":1500,"type":1,"sub_title":"1天全网无限短信","desc":"全网无限短信+20分钟Smart\/SUN\/TNT通话"},{"id":210,"price":2000,"type":1,"sub_title":"800MB流量\/天","desc":"最高流量800MB"},{"id":211,"price":2000,"type":1,"sub_title":"T2天NT卡-全网无限短信","desc":""},{"id":212,"price":2000,"type":1,"sub_title":"TNT卡-无限通话+100 MB流量","desc":"TNT卡-Smart、Sun、TNT卡无限通话+100 MB流量+全网无限短信"},{"id":213,"price":2000,"type":1,"sub_title":"TNT卡无限短信+20分钟通话","desc":"TNT卡-无限短信+20分钟TNT, Smart & SUN通话+50条全网短信\/3天"},{"id":214,"price":2500,"type":1,"sub_title":"Smart卡-无限通话+短信\/天","desc":"Smart卡-无限通话+短信\/天"},{"id":215,"price":2500,"type":1,"sub_title":"全网无限短信+20分钟通话\/天","desc":"全网无限短信+60分钟 Smart, Sun, TNT通话+10MB流量\/天"},{"id":216,"price":3000,"type":1,"sub_title":"100MB流量+ 400MB Spinnr \/天","desc":""},{"id":217,"price":3000,"type":1,"sub_title":"1天无限通话","desc":"Smart, TNT & SUN无限通话+100MB FB Messenger, Viber & Whatsapp\/天"},{"id":218,"price":3000,"type":1,"sub_title":"全网300短信+20分钟SMART通话\/2天","desc":""},{"id":219,"price":3000,"type":1,"sub_title":"TNT卡-全网无限短信\/5天","desc":""},{"id":220,"price":3000,"type":1,"sub_title":"TNT卡-TNT\/Smart 无限短信+15分钟通话\/3天","desc":"TNT卡-TNT\/Smart 无限短信+TNT\/Smart15分钟通话\/3天"},{"id":221,"price":3000,"type":1,"sub_title":"100MB流量+400MB Spinnr\/天","desc":""},{"id":222,"price":5000,"type":1,"sub_title":"1GB流量+全网无限短信\/3天","desc":"1GB流量+300MB YouTube+全网无限短信\/3天"},{"id":223,"price":5000,"type":1,"sub_title":"800MB 流量\/天","desc":""},{"id":224,"price":5000,"type":1,"sub_title":"限TNT卡-800MB流量\/天","desc":""},{"id":225,"price":5000,"type":1,"sub_title":"500MB流量+50分钟通话\/3天","desc":"500MB流量+无限FB+全网无限短信+50分钟Smart,TNT,Sun通话\/3天"},{"id":226,"price":5000,"type":1,"sub_title":"3天 1GB","desc":" 1GB流量+300MB YouTube+全网无限短信\/3天"},{"id":228,"price":5000,"type":1,"sub_title":"3天1GB","desc":"1GB流量+1GB YouTube+全网无限短信\/3天"},{"id":231,"price":5000,"type":1,"sub_title":"500MB流量\/7天","desc":""},{"id":232,"price":5000,"type":1,"sub_title":"3天1GB","desc":"1GB+300MB YOUTUBE流量\/3天"},{"id":233,"price":6000,"type":1,"sub_title":"5天1GB","desc":"5天1GB流量+全网无限短信"},{"id":235,"price":7000,"type":1,"sub_title":"7天1GB","desc":"1GB流量+300MB YouTube+ 1,000条trinet SMS\/7天"},{"id":236,"price":7000,"type":1,"sub_title":"5天无限通话短信","desc":"TNT\/Smart\/Sun无限通话+无限短信+300MB流量\/5天"},{"id":237,"price":8500,"type":1,"sub_title":"每天800MB\/2天","desc":"每天800MB流量\/2天"},{"id":238,"price":9900,"type":1,"sub_title":"7天2GB","desc":"2GB流量+每天1GB YouTube\/7天"},{"id":239,"price":9900,"type":1,"sub_title":"7天1GB+通话","desc":"1GB流量+无限FB+全网无限短信+100分钟Smart, TNT and Sun通话\/7天"},{"id":240,"price":9900,"type":1,"sub_title":"7天2GB","desc":"2GB流量+每天1GB Video Every Day for YouTube, iFlix, iWant TV, NBA League Pass, Cignal TV\/7天"},{"id":242,"price":10000,"type":1,"sub_title":"7天无限通话","desc":"Smart, TNT and SUN 无限通话+全网无限短信+500MB FB Messenger, Viber and WhatsApp \/7天"},{"id":243,"price":20000,"type":1,"sub_title":"无限上网流量\/5天","desc":""},{"id":244,"price":20000,"type":1,"sub_title":"15天无限通话短信","desc":"15天 Smart,TNT,SUN无限通话+全网无限短信+700MB FB Messenger, Viber and Whatsapp "},{"id":261,"price":5000,"type":1,"sub_title":"3天1G","desc":"流量1G(3天有效)，仅限Smart"},{"id":262,"price":9900,"type":1,"sub_title":"7天2G","desc":"流量2G(7天有效)，仅限Smart"},{"id":263,"price":29900,"type":1,"sub_title":"30天4G","desc":"Smart TNT 通用，流量4G(30天有效)"},{"id":268,"price":9900,"type":1,"sub_title":"7天1.5G","desc":"7天2G，仅限TNT"},{"id":264,"price":99900,"type":1,"sub_title":"全月流量包","desc":"30天，每天800M流量，兼容SMART PREPAID和BRO，不支持TNT"}],

"huaf":[{"id":256,"price":2000,"type":0,"sub_title":"话费20","desc":"Smart TNT 通用"},{"id":169,"price":1500,"type":0,"sub_title":"","desc":""},{"id":257,"price":10000,"type":0,"sub_title":"话费100","desc":"Smart TNT 通用"},{"id":170,"price":6000,"type":0,"sub_title":"","desc":""},{"id":258,"price":30000,"type":0,"sub_title":"话费300","desc":"Smart TNT 通用"},{"id":171,"price":10000,"type":0,"sub_title":"","desc":""},{"id":259,"price":50000,"type":0,"sub_title":"话费500","desc":"Smart TNT 通用"},{"id":260,"price":100000,"type":0,"sub_title":"话费1000","desc":"Smart TNT 通用"},{"id":275,"price":30000,"type":0,"sub_title":"话费300","desc":"PLDT专用充值"},{"id":174,"price":20000,"type":0,"sub_title":"","desc":""},{"id":276,"price":50000,"type":0,"sub_title":"话费500","desc":"PLDT专用充值"},{"id":175,"price":30000,"type":0,"sub_title":"","desc":""},{"id":277,"price":100000,"type":0,"sub_title":"话费1000","desc":"PLDT专用充值"},{"id":176,"price":50000,"type":0,"sub_title":"","desc":""},{"id":177,"price":100000,"type":0,"sub_title":"","desc":""}]}


}
